Rk,Player,Tm,2023-24,2024-25,2025-26,2026-27,2027-28,2028-29,Guaranteed,-9999
1,Stephen Curry,GSW,51915615,"$55,761,216 ","$59,606,817 ",,,,"$167,283,648 ",curryst01
2,Kevin Durant,PHO,47649433,"$51,179,021 ","$54,708,609 ",,,,"$153,537,063 ",duranke01
3,Nikola Jokić,DEN,47607350,"$51,415,938 ","$55,224,526 ","$59,033,114 ","$62,841,702 ",,"$213,280,928 ",jokicni01
4,Joel Embiid,PHI,47607350,"$51,415,938 ","$55,224,526 ","$59,033,114 ",,,"$154,247,814 ",embiijo01
5,LeBron James,LAL,47607350,"$51,415,938 ",,,,,"$47,607,350 ",jamesle01
6,Bradley Beal,PHO,46741590,"$50,203,930 ","$53,666,270 ","$57,128,610 ",,,"$150,611,790 ",bealbr01
7,Damian Lillard,MIL,45640084,"$48,787,676 ","$58,545,211 ","$63,228,828 ",,,"$152,972,971 ",lillada01
8,Giannis Antetokounmpo,MIL,45640084,"$48,787,676 ",,,,,"$94,427,760 ",antetgi01
9,Kawhi Leonard,LAC,45640084,"$48,787,676 ",,,,,"$45,640,084 ",leonaka01
10,Paul George,LAC,45640084,"$48,787,676 ",,,,,"$45,640,084 ",georgpa01
11,Jimmy Butler,MIA,45183960,"$48,798,677 ","$52,413,394 ",,,,"$93,982,637 ",butleji01
12,Klay Thompson,GSW,43219440,,,,,,"$43,219,440 ",thompkl01
13,Rudy Gobert,MIN,41000000,"$43,827,586 ","$46,655,172 ",,,,"$84,827,586 ",goberru01
14,Fred VanVleet,HOU,40806300,"$42,846,615 ","$44,886,930 ",,,,"$128,539,845 ",vanvlfr01
15,Anthony Davis,LAL,40600080,"$43,219,440 ","$60,507,216 ","$65,347,793 ","$70,188,370 ",,"$279,862,899 ",davisan02
16,Trae Young,ATL,40064220,"$43,031,940 ","$45,999,660 ","$48,967,380 ",,,"$178,063,200 ",youngtr01
17,Luka Dončić,DAL,40064220,"$43,031,940 ","$45,999,660 ","$48,967,380 ",,,"$129,095,820 ",doncilu01
18,Zach LaVine,CHI,40064220,"$43,031,940 ","$45,999,660 ","$48,967,380 ",,,"$129,095,820 ",lavinza01
19,Tobias Harris,PHI,39270150,,,,,,"$39,270,150 ",harrito02
20,Ben Simmons,BRK,37893408,"$40,338,144 ",,,,,"$78,231,552 ",simmobe01
21,Pascal Siakam,TOR,37893408,,,,,,"$37,893,408 ",siakapa01
22,Kyrie Irving,DAL,37037037,"$40,000,000 ","$42,962,963 ",,,,"$77,037,037 ",irvinky01
23,Jrue Holiday,BOS,36861707,"$39,403,894 ",,,,,"$36,861,707 ",holidjr01
24,Devin Booker,PHO,36016200,"$49,700,000 ","$53,676,000 ","$57,652,000 ","$61,628,000 ",,"$258,672,200 ",bookede01
25,Karl-Anthony Towns,MIN,36016200,"$49,245,000 ","$53,184,600 ","$57,124,200 ","$61,063,800 ",,"$195,570,000 ",townska01
26,Kristaps Porziņģis,BOS,36016200,"$29,268,293 ","$30,731,707 ",,,,"$96,016,200 ",porzikr01
27,CJ McCollum,NOP,35802469,"$33,333,333 ","$30,666,666 ",,,,"$99,802,468 ",mccolcj01
28,James Harden,LAC,35640000,,,,,,"$35,640,000 ",hardeja01
29,Zion Williamson,NOP,34005250,"$36,725,670 ","$39,446,090 ","$42,166,510 ","$44,886,930 ",,"$197,230,450 ",willizi01
30,Ja Morant,MEM,34005250,"$36,725,670 ","$39,446,090 ","$42,166,510 ","$44,886,930 ",,"$197,230,450 ",moranja01
31,Darius Garland,CLE,34005250,"$36,725,670 ","$39,446,090 ","$42,166,510 ","$44,886,930 ",,"$197,230,450 ",garlada01
32,Brandon Ingram,NOP,33833400,"$36,016,200 ",,,,,"$69,849,600 ",ingrabr01
33,Jamal Murray,DEN,33833400,"$36,016,200 ",,,,,"$69,849,600 ",murraja01
34,Shai Gilgeous-Alexander,OKC,33386850,"$35,859,950 ","$38,333,050 ","$40,806,150 ",,,"$148,386,000 ",gilgesh01
35,Michael Porter Jr.,DEN,33386850,"$35,859,950 ","$38,333,050 ","$40,806,150 ",,,"$119,579,850 ",portemi01
36,Donovan Mitchell,CLE,33162030,"$35,410,310 ","$37,096,620 ",,,,"$68,572,340 ",mitchdo01
37,De'Aaron Fox,SAC,32600060,"$34,848,340 ","$37,096,620 ",,,,"$104,545,020 ",foxde01
38,Bam Adebayo,MIA,32600060,"$34,848,340 ","$37,096,620 ",,,,"$104,545,020 ",adebaba01
39,Jayson Tatum,BOS,32600060,"$34,848,340 ","$37,096,620 ",,,,"$67,448,400 ",tatumja01
40,Deandre Ayton,POR,32459438,"$34,005,126 ","$35,550,814 ",,,,"$102,015,378 ",aytonde01
41,Jaylen Brown,BOS,31830357,"$49,700,000 ","$53,676,000 ","$57,652,000 ","$61,628,000 ","$65,604,000 ","$320,090,357 ",brownja02
42,Gordon Hayward,CHO,31500000,,,,,,"$31,500,000 ",haywago01
43,Chris Paul,GSW,30800000,"$30,000,000 ",,,,,"$15,800,000 ",paulch01
44,Domantas Sabonis,SAC,30600000,"$41,800,000 ","$44,936,000 ","$48,072,000 ","$51,208,000 ",,"$216,616,000 ",sabondo01
45,Kyle Lowry,MIA,29682540,,,,,,"$29,682,540 ",lowryky01
46,Khris Middleton,MIL,29320988,"$31,666,667 ","$34,012,345 ",,,,"$60,987,655 ",middlkh01
47,DeMar DeRozan,CHI,28600000,,,,,,"$28,600,000 ",derozde01
48,Julius Randle,NYK,28226880,"$30,317,760 ","$32,408,640 ",,,,"$58,544,640 ",randlju01
49,Jerami Grant,POR,27586207,"$29,793,104 ","$32,000,001 ","$34,206,898 ","$36,413,790 ",,"$123,586,210 ",grantje01
50,Jordan Poole,WAS,27455357,"$29,651,786 ","$31,848,215 ","$34,044,642 ",,,"$123,000,000 ",poolejo01
51,Jaren Jackson Jr.,MEM,27102202,"$25,257,798 ","$23,413,395 ",,,,"$75,773,395 ",jacksja02
52,Tyler Herro,MIA,27000000,"$29,000,000 ","$31,000,000 ","$33,000,000 ",,,"$120,000,000 ",herroty01
53,Jalen Brunson,NYK,26346666,"$24,960,001 ","$24,960,001 ",,,,"$51,306,667 ",brunsja01
54,Cameron Johnson,BRK,25679348,"$23,625,000 ","$21,570,652 ","$23,625,000 ",,,"$94,500,000 ",johnsca02
55,Kyle Kuzma,WAS,25568182,"$23,522,727 ","$21,477,272 ","$19,431,819 ",,,"$90,000,000 ",kuzmaky01
56,John Collins,UTA,25340000,"$26,580,000 ","$26,580,000 ",,,,"$78,500,000 ",collijo01
57,Brook Lopez,MIL,25000000,"$23,000,000 ",,,,,"$48,000,000 ",lopezbr01
58,Mike Conley,MIN,24360000,,,,,,"$14,320,000 ",conlemi01
59,Andrew Wiggins,GSW,24330357,"$26,276,786 ","$28,223,215 ","$30,169,644 ",,,"$78,830,358 ",wiggian01
60,Anfernee Simons,POR,24107143,"$25,892,857 ","$27,678,571 ",,,,"$77,678,571 ",simonan01
61,RJ Barrett,NYK,23883929,"$25,794,643 ","$27,705,357 ","$29,616,071 ",,,"$107,000,000 ",barrerj01
62,Jordan Clarkson,UTA,23487629,"$14,092,577 ","$14,285,714 ",,,,"$51,865,920 ",clarkjo01
63,Terry Rozier,CHO,23205221,"$24,924,126 ","$26,643,031 ",,,,"$74,772,378 ",roziete01
64,Dillon Brooks,HOU,22627671,"$22,255,493 ","$21,124,110 ","$19,992,727 ",,,"$86,000,001 ",brookdi01
65,Malcolm Brogdon,POR,22500000,"$22,500,000 ",,,,,"$45,000,000 ",brogdma01
66,Draymond Green,GSW,22321429,"$24,107,143 ","$25,892,857 ","$27,678,571 ",,,"$100,000,000 ",greendr01
67,Aaron Gordon,DEN,22266182,"$23,841,455 ","$23,841,455 ",,,,"$46,107,637 ",gordoaa01
68,Bruce Brown,IND,22000000,"$23,000,000 ",,,,,"$22,000,000 ",brownbr01
69,Mikal Bridges,BRK,21700000,"$23,300,000 ","$24,900,000 ",,,,"$69,900,000 ",bridgmi01
70,Myles Turner,IND,20975000,"$19,928,500 ",,,,,"$40,903,500 ",turnemy01
71,Clint Capela,ATL,20616000,"$22,265,280 ",,,,,"$42,881,280 ",capelca01
72,Lonzo Ball,CHI,20465117,"$21,395,348 ",,,,,"$20,465,117 ",balllo01
73,Spencer Dinwiddie,BRK,20357143,,,,,,"$20,357,143 ",dinwisp01
74,De'Andre Hunter,ATL,20089286,"$21,696,429 ","$23,303,571 ","$24,910,714 ",,,"$90,000,000 ",huntede01
75,Keldon Johnson,SAS,20000000,"$19,000,000 ","$17,500,000 ","$17,500,000 ",,,"$74,000,000 ",johnske04
76,Jarrett Allen,CLE,20000000,"$20,000,000 ","$20,000,000 ",,,,"$60,000,000 ",allenja01
77,Bojan Bogdanović,DET,20000000,"$19,032,850 ",,,,,"$20,000,000 ",bogdabo02
78,Joe Harris,DET,19928571,,,,,,"$19,928,571 ",harrijo01
79,Jakob Poeltl,TOR,19500000,"$19,500,000 ","$19,500,000 ","$19,500,000 ",,,"$58,500,000 ",poeltja01
80,Buddy Hield,IND,19279841,,,,,,"$19,279,841 ",hieldbu01
81,Evan Fournier,NYK,18857143,"$19,000,000 ",,,,,"$37,857,143 ",fournev01
82,Marcus Smart,MEM,18833713,"$20,210,284 ","$21,586,855 ",,,,"$60,630,852 ",smartma01
83,Bogdan Bogdanović,ATL,18700000,"$17,260,000 ","$16,020,000 ","$16,020,000 ",,,"$51,980,000 ",bogdabo01
84,OG Anunoby,TOR,18642857,"$19,928,571 ",,,,,"$18,642,857 ",anunoog01
85,Gary Trent Jr.,TOR,18560000,,,,,,"$18,560,000 ",trentga02
86,Nikola Vučević,CHI,18518519,"$20,000,000 ","$21,481,481 ",,,,"$60,000,000 ",vucevni01
87,Derrick White,BOS,18357143,"$19,571,429 ",,,,,"$37,928,572 ",whitede01
88,Dejounte Murray,ATL,18214000,"$25,499,599 ","$27,539,568 ","$29,579,537 ","$31,619,506 ",,"$100,832,704 ",murrade01
89,Duncan Robinson,MIA,18154000,"$19,406,000 ","$19,888,000 ",,,,"$47,448,000 ",robindu01
90,Norman Powell,LAC,18000000,"$19,241,379 ","$20,482,758 ",,,,"$57,724,137 ",powelno01
91,Tim Hardaway Jr.,DAL,17897728,"$16,193,183 ",,,,,"$34,090,911 ",hardati02
92,Jonathan Isaac,ORL,17400000,"$17,400,000 ",,,,,"$7,400,000 ",isaacjo01
93,Collin Sexton,UTA,17325000,"$18,150,000 ","$18,975,000 ",,,,"$54,450,000 ",sextoco01
94,D'Angelo Russell,LAL,17307693,"$18,692,307 ",,,,,"$36,000,000 ",russeda01
95,Lauri Markkanen,UTA,17259999,"$18,044,544 ",,,,,"$23,259,999 ",markkla01
96,Marcus Morris,PHI,17116279,,,,,,"$17,116,279 ",morrima03
97,Harrison Barnes,SAC,17000000,"$18,000,000 ","$19,000,000 ",,,,"$54,000,000 ",barneha02
98,Dāvis Bertāns,OKC,17000000,"$16,000,000 ",,,,,"$28,000,000 ",bertada01
99,Markelle Fultz,ORL,17000000,,,,,,"$2,000,000 ",fultzma01
100,Jusuf Nurkić,PHO,16875000,"$18,125,000 ","$19,375,000 ",,,,"$54,375,000 ",nurkiju01
101,P.J. Washington,CHO,16847826,"$15,500,000 ","$14,152,174 ",,,,"$46,500,000 ",washipj01
102,Kevin Porter Jr.,OKC,15860000,"$1,000,000 ",,,,,"$16,860,000 ",porteke02
103,Rui Hachimura,LAL,15740741,"$17,000,000 ","$18,259,259 ",,,,"$51,000,000 ",hachiru01
104,Mitchell Robinson,NYK,15681818,"$14,318,182 ","$12,954,546 ",,,,"$42,954,546 ",robinmi01
105,Kevin Huerter,SAC,15669643,"$16,830,357 ","$17,991,071 ",,,,"$50,491,071 ",huertke01
106,Jonas Valančiūnas,NOP,15435000,,,,,,"$15,435,000 ",valanjo01
107,Caris LeVert,CLE,15384616,"$16,615,384 ",,,,,"$32,000,000 ",leverca01
108,Luguentz Dort,OKC,15277778,"$16,500,000 ","$17,722,222 ","$17,722,222 ",,,"$49,500,000 ",dortlu01
109,Luke Kennard,MEM,14763636,"$14,763,636 ",,,,,"$14,763,636 ",kennalu01
110,Kentavious Caldwell-Pope,DEN,14704938,"$15,440,185 ",,,,,"$14,704,938 ",caldwke01
111,Max Strus,CLE,14487684,"$15,212,068 ","$15,936,452 ","$16,660,836 ",,,"$62,297,040 ",strusma01
112,Tyus Jones,WAS,14000000,,,,,,"$14,000,000 ",jonesty01
113,Dorian Finney-Smith,BRK,13932008,"$14,924,167 ","$15,378,480 ",,,,"$28,856,175 ",finnedo01
114,Doug McDermott,SAS,13750000,,,,,,"$13,750,000 ",mcderdo01
115,Anthony Edwards,MIN,13534817,"$35,500,000 ","$38,340,000 ","$41,180,000 ","$44,020,000 ","$46,860,000 ","$219,434,817 ",edwaran01
116,Wendell Carter Jr.,ORL,13050000,"$11,950,000 ","$10,850,000 ",,,,"$35,850,000 ",cartewe01
117,Gary Harris,ORL,13000000,,,,,,,harriga01
118,Josh Hart,NYK,12960000,"$18,144,000 ","$19,472,240 ","$20,923,760 ","$22,375,280 ",,"$93,875,280 ",hartjo01
119,Naz Reid,MIN,12950400,"$13,986,432 ","$15,022,464 ",,,,"$26,936,832 ",reidna01
120,Steven Adams,MEM,12600000,"$12,600,000 ",,,,,"$25,200,000 ",adamsst01
121,Brandon Clarke,MEM,12500000,"$12,500,000 ","$12,500,000 ","$12,500,000 ",,,"$50,000,000 ",clarkbr01
122,Marvin Bagley III,DET,12500000,"$12,500,000 ",,,,,"$25,000,000 ",baglema01
123,Grant Williams,DAL,12405000,"$13,025,250 ","$13,645,500 ","$14,265,750 ",,,"$53,341,500 ",willigr01
124,Dennis Schröder,TOR,12405000,"$13,025,250 ",,,,,"$25,430,250 ",schrode01
125,Daniel Gafford,WAS,12402000,"$13,394,160 ","$14,386,320 ",,,,"$40,182,480 ",gaffoda01
126,Kelly Olynyk,UTA,12195122,,,,,,"$3,000,000 ",olynyke01
127,Victor Wembanyama,SAS,12160680,"$12,768,960 ","$13,376,880 ","$16,868,246 ",,,"$24,929,640 ",wembavi01
128,James Wiseman,DET,12119440,,,,,,,wisemja01
129,Devonte' Graham,SAS,12100000,"$12,650,000 ",,,,,"$14,950,000 ",grahade01
130,Richaun Holmes,DAL,12046020,"$12,876,780 ",,,,,"$12,046,020 ",holmeri01
131,Herbert Jones,NOP,12015150,"$12,976,362 ","$13,937,574 ","$14,898,786 ",,,"$53,827,872 ",joneshe01
132,Austin Reaves,LAL,12015150,"$12,976,362 ","$13,937,574 ","$14,898,786 ",,,"$38,929,086 ",reaveau01
133,Chris Boucher,TOR,11750000,"$10,810,000 ",,,,,"$22,560,000 ",bouchch01
134,Bobby Portis,MIL,11710818,"$12,578,286 ","$13,445,754 ",,,,"$24,289,104 ",portibo01
135,Nicolas Batum,PHI,11710818,,,,,,"$11,710,818 ",batumni01
136,Robert Covington,PHI,11692308,,,,,,"$11,692,308 ",covinro01
137,Paolo Banchero,ORL,11608080,"$12,160,800 ","$15,334,769 ",,,,"$23,768,880 ",banchpa01
138,Robert Williams,POR,11571429,"$12,428,571 ","$13,285,713 ",,,,"$37,285,713 ",williro04
139,Coby White,CHI,11111111,"$12,000,000 ","$12,888,889 ",,,,"$36,000,000 ",whiteco01
140,Cade Cunningham,DET,11055360,"$13,940,809 ",,,,,"$24,996,169 ",cunnica01
141,Talen Horton-Tucker,UTA,11020000,,,,,,"$11,020,000 ",hortota01
142,P.J. Tucker,LAC,11014500,"$11,539,000 ",,,,,"$11,014,500 ",tuckepj01
143,Reggie Bullock,SAS,13033786,,,,,,"$11,014,080 ",bullore01
144,Maxi Kleber,DAL,11000000,"$11,000,000 ","$11,000,000 ",,,,"$33,000,000 ",klebima01
145,Joe Ingles,ORL,11000000,"$11,000,000 ",,,,,"$11,000,000 ",inglejo01
146,Ivica Zubac,LAC,10933333,"$11,743,210 ",,,,,"$22,676,543 ",zubaciv01
147,LaMelo Ball,CHO,10900635,"$35,500,000 ","$38,340,000 ","$41,180,000 ","$44,020,000 ","$46,860,000 ","$216,800,635 ",ballla01
148,Donte DiVincenzo,NYK,10900000,"$11,445,000 ","$11,990,000 ","$12,535,000 ",,,"$46,870,000 ",divindo01
149,Brandon Miller,CHO,10880400,"$11,424,600 ","$11,968,800 ","$15,104,626 ",,,"$22,305,000 ",millebr02
150,Terance Mann,LAC,10576923,"$11,423,077 ",,,,,"$22,000,000 ",mannte01
151,Gabe Vincent,LAL,10500000,"$11,000,000 ","$11,500,000 ",,,,"$33,000,000 ",vincega01
152,Matisse Thybulle,POR,10500000,"$11,025,000 ","$11,550,000 ",,,,"$21,525,000 ",thybuma01
153,Alec Burks,DET,10489600,,,,,,"$10,489,600 ",burksal01
154,Chet Holmgren,OKC,10386000,"$10,880,640 ","$13,731,368 ",,,,"$21,266,640 ",holmgch01
155,Larry Nance Jr.,NOP,10375000,"$11,205,000 ",,,,,"$21,580,000 ",nancela02
156,Landry Shamet,WAS,10250000,"$11,000,000 ","$11,750,000 ",,,,"$33,000,000 ",shamela01
157,Al Horford,BOS,10000000,"$9,500,000 ",,,,,"$19,500,000 ",horfoal01
158,Malik Monk,SAC,9945830,,,,,,"$9,945,830 ",monkma01
159,Tre Jones,SAS,9895833,"$9,104,167 ",,,,,"$19,000,000 ",jonestr01
160,Jalen Green,HOU,9891480,"$12,483,048 ",,,,,"$22,374,528 ",greenja05
161,Patrick Williams,CHI,9835881,,,,,,"$9,835,881 ",willipa01
162,Monte Morris,DET,9800926,,,,,,"$9,800,926 ",morrimo01
163,Scoot Henderson,POR,9770880,"$10,259,160 ","$10,748,040 ","$13,585,523 ",,,"$20,030,040 ",hendesc01
164,Nic Claxton,BRK,9625000,,,,,,"$9,625,000 ",claxtni01
165,Jeff Green,HOU,9600000,"$9,600,000 ",,,,,"$19,200,000 ",greenje02
166,Royce O'Neale,BRK,9500000,,,,,,"$2,500,000 ",onealro01
167,Alex Caruso,CHI,9460000,"$9,890,000 ",,,,,"$19,350,000 ",carusal01
168,Victor Oladipo,HOU,9450000,,,,,,"$9,450,000 ",oladivi01
169,Pat Connaughton,MIL,9423869,"$9,423,869 ","$9,423,869 ",,,,"$28,271,607 ",connapa01
170,Jabari Smith Jr.,HOU,9326520,"$9,770,880 ","$12,350,392 ",,,,"$19,097,400 ",smithja05
171,Isaiah Hartenstein,NYK,9245121,,,,,,"$9,245,121 ",harteis01
172,Kyle Anderson,MIN,9219512,,,,,,"$9,219,512 ",anderky01
173,Grayson Allen,PHO,8925000,,,,,,"$8,925,000 ",allengr01
174,Isaac Okoro,CLE,8920795,,,,,,"$8,920,795 ",okorois01
175,Evan Mobley,CLE,8882640,"$11,227,657 ",,,,,"$20,110,297 ",mobleev01
176,Amen Thompson,HOU,8809320,"$9,249,960 ","$9,690,600 ","$12,258,609 ",,,"$18,059,280 ",thompam01
177,Georges Niang,CLE,8800000,"$8,500,000 ","$8,200,000 ",,,,"$25,500,000 ",niangge01
178,Gary Payton II,GSW,8715000,"$9,130,000 ",,,,,"$8,715,000 ",paytoga02
179,T.J. McConnell,IND,8700000,"$9,300,000 ",,,,,"$13,700,000 ",mccontj01
180,Keegan Murray,SAC,8409000,"$8,809,560 ","$11,144,093 ",,,,"$17,218,560 ",murrake02
181,Delon Wright,WAS,8195122,,,,,,"$8,195,122 ",wrighde01
182,Onyeka Okongwu,ATL,8109063,,,,,,"$8,109,063 ",okongon01
183,Scottie Barnes,TOR,8008680,"$10,130,980 ",,,,,"$18,139,660 ",barnesc01
184,Jock Landale,HOU,8000000,"$8,000,000 ","$8,000,000 ","$8,000,000 ",,,"$24,000,000 ",landajo01
185,Trey Lyles,SAC,8000000,"$8,000,000 ",,,,,"$16,000,000 ",lylestr01
186,De'Anthony Melton,PHI,8000000,,,,,,"$8,000,000 ",meltode01
187,Moritz Wagner,ORL,8000000,"$8,000,000 ",,,,,"$8,000,000 ",wagnemo01
188,Thaddeus Young,TOR,8000000,,,,,,"$1,000,000 ",youngth01
189,Ausar Thompson,DET,7977480,"$8,376,000 ","$8,775,000 ","$11,117,925 ",,,"$16,353,480 ",thompau01
190,Miles Bridges,CHO,7921300,,,,,,"$7,921,300 ",bridgmi02
191,Vasilije Micić,OKC,7723000,"$7,723,000 ","$8,109,150 ",,,,"$23,555,150 ",micicva01
192,Paul Reed,PHI,7723000,"$7,723,000 ","$8,109,150 ",,,,"$7,723,000 ",reedpa01
193,Zach Collins,SAS,7700000,,,,,,"$7,700,000 ",colliza01
194,Jaden Ivey,DET,7614480,"$7,977,240 ","$10,107,163 ",,,,"$15,591,720 ",iveyja01
195,Cody Martin,CHO,7560000,"$8,120,000 ","$8,680,000 ",,,,"$15,680,000 ",martico01
196,Kevon Looney,GSW,7500000,"$8,000,000 ",,,,,"$15,500,000 ",looneke01
197,Killian Hayes,DET,7413955,,,,,,"$7,413,955 ",hayeski01
198,Jalen Suggs,ORL,7252080,"$9,188,385 ",,,,,"$16,440,465 ",suggsja01
199,Anthony Black,ORL,7245480,"$7,607,760 ","$7,970,280 ","$10,106,316 ",,,"$14,853,240 ",blackan01
200,Khem Birch,SAS,6985000,,,,,,"$6,985,000 ",birchkh01
201,Daniel Theis,IND,6928876,,,,,,"$6,928,876 ",theisda01
202,Bennedict Mathurin,IND,6916080,"$7,245,720 ","$9,187,573 ",,,,"$14,161,800 ",mathube01
203,Obi Toppin,IND,6803012,,,,,,"$6,803,012 ",toppiob01
204,Caleb Martin,MIA,6802950,"$7,126,900 ",,,,,"$13,929,850 ",martica02
205,Danilo Gallinari,WAS,6802950,,,,,,"$6,802,950 ",gallida01
206,John Wall,HOU,6802950,,,,,,"$6,802,950 ",walljo01
207,Patty Mills,ATL,6802950,,,,,,"$6,802,950 ",millspa02
208,Cedi Osman,SAS,6718842,,,,,,"$6,718,842 ",osmande01
209,Bilal Coulibaly,WAS,6614280,"$6,945,240 ","$7,275,600 ","$9,240,012 ",,,"$13,559,520 ",coulibi01
210,Josh Giddey,OKC,6587040,"$8,352,367 ",,,,,"$14,939,407 ",giddejo01
211,Cameron Payne,SAS,8519706,,,,,,"$6,500,000 ",payneca01
212,Jae'Sean Tate,HOU,6500000,"$7,065,217 ",,,,,"$6,500,000 ",tateja01
213,Ayo Dosunmu,CHI,6481482,"$7,000,000 ","$7,518,518 ",,,,"$21,000,000 ",dosunay01
214,Rudy Gay,OKC,,,,,,,"$6,479,000 ",gayru01
215,Sasha Vezenkov,SAC,6341464,"$6,658,536 ","$6,975,609 ",,,,"$13,000,000 ",vezenal01
216,Shaedon Sharpe,POR,6313800,"$6,614,160 ","$8,399,983 ",,,,"$12,927,960 ",sharpsh01
217,Otto Porter Jr.,TOR,6300000,,,,,,"$6,300,000 ",porteot01
218,Deni Avdija,WAS,6263188,,,,,,"$6,263,188 ",avdijde01
219,Nassir Little,PHO,6250000,"$6,750,000 ","$7,250,000 ","$7,750,000 ",,,"$28,000,000 ",littlna01
220,Jevon Carter,CHI,6190476,"$6,500,000 ","$6,809,524 ",,,,"$12,690,476 ",carteje01
221,Kenrich Williams,OKC,6175000,"$6,669,000 ","$7,163,000 ","$7,163,000 ",,,"$20,007,000 ",willike04
222,Ricky Rubio,CLE,6146342,"$6,439,025 ",,,,,"$10,396,342 ",rubiori01
223,Jarace Walker,IND,6059520,"$6,362,520 ","$6,665,520 ","$8,478,542 ",,,"$12,422,040 ",walkeja02
224,Jonathan Kuminga,GSW,6012840,"$7,636,307 ",,,,,"$13,649,147 ",kuminjo01
225,Devin Vassell,SAS,5887899,"$29,347,826 ","$27,000,000 ","$27,000,000 ","$24,652,174 ","$27,000,000 ","$140,887,899 ",vassede01
226,Tyrese Haliburton,IND,5808435,"$35,500,000 ","$38,340,000 ","$41,180,000 ","$44,020,000 ","$46,860,000 ","$211,708,435 ",halibty01
227,Dyson Daniels,NOP,5784120,"$6,059,520 ","$7,707,709 ",,,,"$11,843,640 ",daniedy01
228,Kira Lewis Jr.,NOP,5722116,,,,,,"$5,722,116 ",lewiski01
229,Dean Wade,CLE,5709877,"$6,166,667 ","$6,623,456 ",,,,"$11,876,544 ",wadede01
230,Aaron Nesmith,IND,5634257,,,,,,"$5,634,257 ",nesmiaa01
231,Taylor Hendricks,UTA,5569920,"$5,848,680 ","$6,127,080 ","$7,805,900 ",,,"$11,418,600 ",hendrita01
232,Cole Anthony,ORL,5539771,,,,,,"$5,539,771 ",anthoco01
233,Franz Wagner,ORL,5508720,"$7,007,092 ",,,,,"$12,515,812 ",wagnefr01
234,Furkan Korkmaz,PHI,5370370,,,,,,"$5,370,370 ",korkmfu01
235,Jeremy Sochan,SAS,5316960,"$5,570,040 ","$7,096,231 ",,,,"$10,887,000 ",sochaje01
236,Cason Wallace,OKC,5291400,"$5,555,880 ","$5,820,240 ","$7,420,806 ",,,"$10,847,280 ",wallaca01
237,Isaiah Stewart,DET,5266713,"$15,000,000 ","$15,000,000 ","$15,000,000 ","$15,000,000 ",,"$50,266,713 ",stewais01
238,Chuma Okeke,ORL,5266713,,,,,,"$5,266,713 ",okekech01
239,Davion Mitchell,SAC,5063640,"$6,451,077 ",,,,,"$11,514,717 ",mitchda01
240,Johnny Davis,WAS,5050800,"$5,291,160 ","$6,746,229 ",,,,"$10,341,960 ",davisjo06
241,Jalen Smith,IND,5043773,"$5,417,386 ",,,,,"$5,043,773 ",smithja04
242,Jett Howard,ORL,5026800,"$5,278,320 ","$5,529,720 ","$7,337,939 ",,,"$10,305,120 ",howarje01
243,Aleksej Pokusevski,OKC,5009633,,,,,,"$5,009,633 ",pokusal01
244,Nick Richards,CHO,5000000,"$5,000,000 ","$5,000,000 ",,,,"$10,000,000 ",richani01
245,Shake Milton,MIN,5000000,"$5,000,000 ",,,,,"$5,000,000 ",miltosh01
246,Mason Plumlee,LAC,5000000,,,,,,"$5,000,000 ",plumlma01
247,Reggie Jackson,DEN,5000000,"$5,250,000 ",,,,,"$5,000,000 ",jacksre01
248,Bismack Biyombo,MEM,5000000,,,,,,"$1,000,000 ",biyombi01
249,Ziaire Williams,MEM,4810200,"$6,133,005 ",,,,,"$10,943,205 ",willizi02
250,Ousmane Dieng,OKC,4798440,"$5,027,040 ","$6,670,882 ",,,,"$9,825,480 ",diengou01
251,Dereck Lively II,DAL,4775640,"$5,014,560 ","$5,253,360 ","$7,239,131 ",,,"$9,790,200 ",livelde01
252,Josh Green,DAL,4765339,,,,,,"$4,765,339 ",greenjo02
253,Jarred Vanderbilt,LAL,4698000,"$10,714,286 ","$11,571,429 ","$12,428,571 ","$13,285,714 ",,"$39,412,286 ",vandeja01
254,Nickeil Alexander-Walker,MIN,4687500,"$4,312,500 ",,,,,"$9,000,000 ",alexani01
255,James Bouknight,CHO,4570080,"$6,064,496 ",,,,,"$4,570,080 ",bouknja01
256,Jalen Williams,OKC,4558680,"$4,775,760 ","$6,580,997 ",,,,"$9,334,440 ",willija06
257,Saddiq Bey,ATL,4556983,,,,,,"$4,556,983 ",beysa01
258,Gradey Dick,TOR,4536720,"$4,763,760 ","$4,990,560 ","$7,131,511 ",,,"$9,300,480 ",dickgr01
259,Jalen McDaniels,TOR,4516000,"$4,741,800 ",,,,,"$9,257,800 ",mcdanja01
260,Taurean Prince,LAL,4516000,,,,,,"$4,516,000 ",princta02
261,Precious Achiuwa,TOR,4379527,,,,,,"$4,379,527 ",achiupr01
262,Tyrese Maxey,PHI,4343920,,,,,,"$4,343,920 ",maxeyty01
263,Joshua Primo,SAS,4341600,,,,,,"$4,341,600 ",primojo01
264,Jalen Duren,DET,4330680,"$4,536,840 ","$6,483,144 ",,,,"$8,867,520 ",durenja01
265,Danuel House Jr.,PHI,4310250,,,,,,"$4,310,250 ",houseda01
266,Jordan Hawkins,NOP,4310160,"$4,525,680 ","$4,741,320 ","$7,021,895 ",,,"$8,835,840 ",hawkijo01
267,Zeke Nnaji,DEN,4306281,,,,,,"$4,306,281 ",nnajize01
268,Immanuel Quickley,NYK,4171548,,,,,,"$4,171,548 ",quickim01
269,Chris Duarte,SAC,4124400,"$5,893,768 ",,,,,"$10,018,168 ",duartch01
270,Ochai Agbaji,UTA,4114200,"$4,310,280 ","$6,383,525 ",,,,"$8,424,480 ",agbajoc01
271,Kobe Bufkin,ATL,4094280,"$4,299,000 ","$4,503,720 ","$6,904,203 ",,,"$8,393,280 ",bufkiko01
272,Payton Pritchard,BOS,4037277,"$6,696,429 ","$7,232,143 ","$7,767,857 ","$8,303,571 ",,"$34,037,277 ",pritcpa01
273,Seth Curry,DAL,4000000,"$4,000,000 ",,,,,"$8,000,000 ",curryse01
274,Dwight Powell,DAL,4000000,"$4,000,000 ","$4,000,000 ",,,,"$8,000,000 ",poweldw01
275,Troy Brown Jr.,MIN,4000000,"$4,000,000 ",,,,,"$4,000,000 ",browntr01
276,Moses Moody,GSW,3918480,"$5,803,269 ",,,,,"$9,721,749 ",moodymo01
277,Mark Williams,CHO,3908160,"$4,094,280 ","$6,276,531 ",,,,"$8,002,440 ",willima07
278,Jaden McDaniels,MIN,3901399,,,,,,"$3,901,399 ",mcdanja02
279,Keyonte George,UTA,3889800,"$4,084,200 ","$4,278,960 ","$6,563,925 ",,,"$7,974,000 ",georgke01
280,Malachi Flynn,TOR,3873025,,,,,,"$3,873,025 ",flynnma01
281,Desmond Bane,MEM,3845083,"$34,005,250 ","$36,725,670 ","$39,446,090 ","$42,166,510 ","$44,886,930 ","$201,075,533 ",banede01
282,Russell Westbrook,LAC,3835738,"$4,027,525 ",,,,,"$7,863,263 ",westbru01
283,Kevin Love,MIA,3835738,"$4,027,525 ",,,,,"$3,835,738 ",loveke01
284,Corey Kispert,WAS,3722040,"$5,705,887 ",,,,,"$9,427,927 ",kispeco01
285,AJ Griffin,ATL,3712920,"$3,889,920 ","$5,967,137 ",,,,"$7,602,840 ",griffaj01
286,Jalen Hood-Schifino,LAL,3695040,"$3,879,840 ","$4,064,640 ","$6,243,288 ",,,"$7,574,880 ",hoodsja01
287,Amir Coffey,LAC,3666667,"$3,938,271 ",,,,,"$7,604,938 ",coffeam01
288,Alperen Şengün,HOU,3536280,"$5,424,654 ",,,,,"$8,960,934 ",sengual01
289,Tari Eason,HOU,3527160,"$3,695,160 ","$5,675,766 ",,,,"$7,222,320 ",easonta01
290,Jaime Jaquez Jr.,MIA,3510600,"$3,685,800 ","$3,861,600 ","$5,939,141 ",,,"$7,196,400 ",jaqueja01
291,Mike Muscala,WAS,3500000,,,,,,"$3,500,000 ",muscami01
292,Andre Drummond,CHI,3360000,,,,,,"$3,360,000 ",drumman01
293,Derrick Jones Jr.,CHI,5379706,,,,,,,jonesde02
294,Trey Murphy III,NOP,3359280,"$5,159,854 ",,,,,"$8,519,134 ",murphtr02
295,Brandin Podziemski,GSW,3352440,"$3,519,960 ","$3,687,960 ","$5,679,459 ",,,"$6,872,400 ",podzibr01
296,Dalen Terry,CHI,3350760,"$3,510,480 ","$5,399,118 ",,,,"$6,861,240 ",terryda01
297,Cam Whitmore,HOU,3218160,"$3,379,080 ","$3,539,760 ","$5,458,310 ",,,"$6,597,240 ",whitmca01
298,Jake LaRavia,MEM,3199920,"$3,352,680 ","$5,163,127 ",,,,"$6,552,600 ",laravja01
299,Derrick Rose,MEM,3196448,"$3,356,271 ",,,,,"$6,552,719 ",rosede01
300,Eric Gordon,PHO,3196448,"$3,356,271 ",,,,,"$3,196,448 ",gordoer01
301,Tre Mann,OKC,3191400,"$4,908,373 ",,,,,"$8,099,773 ",manntr01
302,Noah Clowney,BRK,3089520,"$3,244,080 ","$3,398,640 ","$5,414,034 ",,,"$6,333,600 ",clownno01
303,Malaki Branham,SAS,3071880,"$3,217,920 ","$4,962,033 ",,,,"$6,289,800 ",branhma01
304,Kai Jones,CHO,3047880,,,,,,"$3,047,880 ",joneska01
305,Simone Fontecchio,UTA,3044872,,,,,,"$3,044,872 ",fontesi01
306,Julian Champagnie,SAS,3000000,"$3,000,000 ","$3,000,000 ","$3,000,000 ",,,"$3,000,000 ",champju02
307,Jordan Nwora,IND,3000000,,,,,,"$3,000,000 ",nworajo01
308,Dante Exum,DAL,3000000,"$3,150,000 ",,,,,"$3,000,000 ",exumda01
309,Dariq Whitehead,BRK,2966040,"$3,114,240 ","$3,262,560 ","$5,366,912 ",,,"$6,080,280 ",whiteda01
310,Christian Braun,DEN,2949120,"$3,089,640 ","$4,921,797 ",,,,"$6,038,760 ",braunch01
311,Jalen Johnson,ATL,2925360,"$4,510,905 ",,,,,"$7,436,265 ",johnsja05
312,Josh Richardson,MIA,2891467,"$3,051,153 ",,,,,"$2,891,467 ",richajo01
313,Kris Murray,POR,2847480,"$2,990,040 ","$3,132,000 ","$5,315,004 ",,,"$5,837,520 ",murrakr01
314,Andrew Nicholson,POR,2844430,,,,,,"$2,844,430 ",nichoan01
315,Walker Kessler,UTA,2831160,"$2,965,920 ","$4,878,938 ",,,,"$5,797,080 ",kesslwa01
316,Josh Okogie,PHO,2815937,"$2,956,734 ",,,,,"$2,815,937 ",okogijo01
317,Keon Johnson,PHO,2808720,,,,,,"$2,808,720 ",johnske07
318,Omer Yurtseven,UTA,2800000,"$2,660,000 ",,,,,"$5,460,000 ",yurtsom01
319,Dewayne Dedmon,DET,2748674,"$2,748,674 ",,,,,"$5,497,348 ",dedmode01
320,Olivier-Maxence Prosper,DAL,2733720,"$2,870,400 ","$3,007,080 ","$5,259,383 ",,,"$5,604,120 ",prospol01
321,David Roddy,MEM,2718240,"$2,847,240 ","$4,831,766 ",,,,"$5,565,480 ",roddyda01
322,Christian Wood,LAL,2709849,"$3,036,040 ",,,,,"$2,709,849 ",woodch01
323,Isaiah Jackson,IND,2696280,"$4,435,381 ",,,,,"$7,131,661 ",jacksis01
324,Marcus Sasser,DET,2624040,"$2,755,080 ","$2,886,720 ","$5,198,983 ",,,"$5,379,120 ",sassema01
325,MarJon Beauchamp,MIL,2609400,"$2,733,720 ","$4,781,276 ",,,,"$5,343,120 ",beaucma01
326,Charles Bassey,SAS,2600000,"$2,500,000 ","$2,500,000 ",,,,"$2,600,000 ",bassech01
327,Usman Garuba,OKC,2588400,,,,,,"$2,588,400 ",garubus01
328,Damian Jones,CLE,2586665,,,,,,"$2,586,665 ",jonesda03
329,Kris Dunn,UTA,2586665,,,,,,,dunnkr01
330,Bruno Fernando,ATL,2581522,"$2,717,391 ","$2,853,260 ",,,,,fernabr01
331,Ben Sheppard,IND,2537160,"$2,663,880 ","$2,790,720 ","$5,031,669 ",,,"$5,201,040 ",sheppbe01
332,Thomas Bryant,MIA,2528233,"$2,845,342 ",,,,,"$5,373,575 ",bryanth01
333,Torrey Craig,CHI,2528233,"$2,845,342 ",,,,,"$5,373,575 ",craigto01
334,Damion Lee,PHO,2528233,"$2,845,342 ",,,,,"$2,528,233 ",leeda03
335,Blake Wesley,SAS,2504640,"$2,624,280 ","$4,726,328 ",,,,"$5,128,920 ",weslebl01
336,Josh Christopher,MEM,2485200,,,,,,"$2,485,200 ",chrisjo01
337,Nick Smith Jr.,CHO,2463960,"$2,587,200 ","$2,710,680 ","$4,890,067 ",,,"$5,051,160 ",smithni01
338,Brice Sensabaugh,UTA,2448600,"$2,571,480 ","$2,693,760 ","$4,862,237 ",,,"$5,020,080 ",sensabr01
339,Ty Jerome,CLE,2439025,"$2,560,975 ",,,,,"$5,000,000 ",jeromty01
340,Julian Strawther,DEN,2431080,"$2,552,520 ","$2,674,200 ","$4,826,931 ",,,"$4,983,600 ",strawju01
341,Wendell Moore Jr.,MIN,2421720,"$2,537,040 ","$4,574,283 ",,,,"$4,958,760 ",moorewe01
342,Kobe Brown,LAC,2413320,"$2,533,920 ","$2,654,880 ","$4,792,059 ",,,"$4,947,240 ",brownko01
343,Luke Kornet,BOS,2413304,,,,,,,kornelu01
344,John Konchar,MEM,2400000,"$6,165,000 ","$6,165,000 ","$6,165,000 ",,,"$20,895,000 ",konchjo01
345,Quentin Grimes,NYK,2385720,"$4,296,682 ",,,,,"$6,682,402 ",grimequ01
346,Nikola Jović,MIA,2352000,"$2,464,200 ","$4,445,417 ",,,,"$4,816,200 ",jovicni01
347,JaVale McGee,DAL,4368030,"$2,208,856 ","$2,208,856 ","$2,208,856 ","$2,208,856 ",,"$11,183,748 ",mcgeeja01
348,Drew Eubanks,PHO,2346614,"$2,654,644 ",,,,,"$5,001,258 ",eubandr01
349,Keita Bates-Diop,PHO,2346614,"$2,654,644 ",,,,,"$5,001,258 ",bateske01
350,Yuta Watanabe,PHO,2346614,"$2,654,644 ",,,,,"$2,346,614 ",watanyu01
351,Patrick Baldwin Jr.,WAS,2337720,"$2,448,840 ","$4,420,156 ",,,,"$4,786,560 ",baldwpa01
352,TyTy Washington Jr.,OKC,2320440,,,,,,"$2,320,440 ",washity02
353,Jordan McLaughlin,MIN,2320000,,,,,,,mclaujo01
354,Bones Hyland,LAC,2306400,"$4,158,439 ",,,,,"$6,464,839 ",hylanbo01
355,Peyton Watson,DEN,2303520,"$2,413,560 ","$4,356,476 ",,,,"$4,717,080 ",watsope01
356,Cam Thomas,BRK,2240160,"$4,041,249 ",,,,,"$2,240,160 ",thomaca02
357,Vlatko Čančar,DEN,2234359,"$2,346,606 ",,,,,"$2,234,359 ",cancavl01
358,Jaden Springer,PHI,2226240,"$4,018,363 ",,,,,"$6,244,603 ",sprinja01
359,Day'Ron Sharpe,BRK,2210040,"$3,989,122 ",,,,,"$2,210,040 ",sharpda01
360,Santi Aldama,MEM,2194200,"$3,960,531 ",,,,,"$6,154,731 ",aldamsa01
361,Jaxson Hayes,LAL,2165000,"$2,463,946 ",,,,,"$2,165,000 ",hayesja02
362,Cam Reddish,LAL,2165000,"$2,463,946 ",,,,,"$2,165,000 ",reddica01
363,Oshae Brissett,BOS,2165000,"$2,463,946 ",,,,,"$2,165,000 ",brissos01
364,Andrew Nembhard,IND,2131905,"$2,019,699 ","$2,187,451 ",,,,"$4,151,604 ",nembhan01
365,Goga Bitadze,ORL,2066585,,,,,,"$2,066,585 ",bitadgo01
366,Luka Šamanić,UTA,2066585,,,,,,,samanlu01
367,DaQuan Jeffries,NYK,2066585,,,,,,,jeffrda01
368,Colby Jones,SAC,2019706,"$2,120,693 ","$2,221,677 ","$2,406,205 ",,,"$4,140,399 ",jonesco02
369,Taj Gibson,WAS,2019706,,,,,,"$2,019,706 ",gibsota01
370,Garrett Temple,TOR,2019706,,,,,,"$2,019,706 ",templga01
371,Sandro Mamukelashvili,SAS,2019706,,,,,,"$2,019,706 ",mamuksa01
372,JaVale McGee,SAC,4368030,"$2,208,856 ","$2,208,856 ","$2,208,856 ","$2,208,856 ",,"$2,019,706 ",mcgeeja01
373,Alex Len,SAC,2019706,,,,,,"$2,019,706 ",lenal01
374,Bol Bol,PHO,2019706,,,,,,"$2,019,706 ",bolbo01
375,Chimezie Metu,PHO,2019706,,,,,,"$2,019,706 ",metuch01
376,Montrezl Harrell,PHI,2019706,,,,,,"$2,019,706 ",harremo01
377,Kelly Oubre Jr.,PHI,2019706,,,,,,"$2,019,706 ",oubreke01
378,Patrick Beverley,PHI,2019706,,,,,,"$2,019,706 ",beverpa01
379,Mo Bamba,PHI,2019706,,,,,,"$2,019,706 ",bambamo01
380,Trevelin Queen,ORL,2019706,,,,,,"$2,019,706 ",queentr01
381,Charlie Brown Jr.,NYK,2019706,,,,,,"$2,019,706 ",brownch02
382,Ryan Arcidiacono,NYK,2019706,,,,,,"$2,019,706 ",arcidry01
383,Duane Washington Jr.,NYK,2019706,,,,,,"$2,019,706 ",washidu02
384,Cody Zeller,NOP,2019706,,,,,,"$2,019,706 ",zelleco01
385,Daishen Nix,MIN,2019706,,,,,,"$2,019,706 ",nixda01
386,Cameron Payne,MIL,8519706,,,,,,"$2,019,706 ",payneca01
387,Marques Bolden,MIL,2019706,,,,,,"$2,019,706 ",boldema01
388,Thanasis Antetokounmpo,MIL,2019706,,,,,,"$2,019,706 ",antetth01
389,Jae Crowder,MIL,2019706,,,,,,"$2,019,706 ",crowdja01
390,Malik Beasley,MIL,2019706,,,,,,"$2,019,706 ",beaslma01
391,Robin Lopez,MIL,2019706,,,,,,"$2,019,706 ",lopezro01
392,Nate Hinton,HOU,2019706,,,,,,"$2,019,706 ",hintona01
393,Reggie Bullock,HOU,13033786,,,,,,"$2,019,706 ",bullore01
394,Dario Šarić,GSW,2019706,,,,,,"$2,019,706 ",saricda01
395,Cory Joseph,GSW,2019706,,,,,,"$2,019,706 ",josepco01
396,DeAndre Jordan,DEN,2019706,,,,,,"$2,019,706 ",jordade01
397,Justin Holiday,DEN,2019706,,,,,,"$2,019,706 ",holidju01
398,Markieff Morris,DAL,2019706,,,,,,"$2,019,706 ",morrima02
399,Derrick Jones Jr.,DAL,5379706,,,,,,"$2,019,706 ",jonesde02
400,Greg Brown III,DAL,2019706,,,,,,"$2,019,706 ",browngr01
401,Harry Giles,BRK,2019706,,,,,,"$2,019,706 ",gilesha01
402,Lonnie Walker IV,BRK,2019706,,,,,,"$2,019,706 ",walkelo01
403,Dennis Smith Jr.,BRK,2019706,,,,,,"$2,019,706 ",smithde03
404,Lamar Stevens,BOS,2419706,,,,,,"$2,019,706 ",stevela01
405,Wesley Matthews,ATL,2019706,,,,,,"$2,019,706 ",matthwe02
406,Boban Marjanović,HOU,2019706,,,,,,,marjabo01
407,Aaron Holiday,HOU,2019706,,,,,,,holidaa01
408,Tristan Thompson,CLE,2019706,,,,,,,thomptr01
409,Frank Ntilikina,CHO,2019706,,,,,,,ntilila01
410,Terry Taylor,CHI,2019706,"$2,196,970 ",,,,,,taylote01
411,Trendon Watford,BRK,2019706,,,,,,,watfotr01
412,Svi Mykhailiuk,BOS,2019706,,,,,,,mykhasv01
413,Dalano Banton,BOS,2019706,"$2,196,970 ",,,,,,bantoda01
414,Caleb Houstan,ORL,2000000,"$2,019,699 ","$2,187,699 ",,,,"$2,000,000 ",houstca01
415,Jaylin Williams,OKC,2000000,"$2,019,699 ","$2,187,451 ",,,,"$2,000,000 ",willija07
416,Garrison Mathews,ATL,2000000,"$2,230,253 ",,,,,,mathega01
417,Anthony Gill,WAS,1997238,,,,,,"$1,997,238 ",gillan01
418,Isaiah Joe,OKC,1997238,"$2,164,993 ",,,,,,joeis01
419,Sam Merrill,CLE,1997238,"$2,164,993 ",,,,,,merrisa01
420,KJ Martin,PHI,1930681,,,,,,"$1,930,681 ",martike04
421,Naji Marshall,NOP,1930681,,,,,,"$1,930,681 ",marshna01
422,Xavier Tillman Sr.,MEM,1930681,,,,,,"$1,930,681 ",tillmxa01
423,Sam Hauser,BOS,1927896,"$2,092,344 ",,,,,"$4,020,240 ",hausesa01
424,Kessler Edwards,SAC,1927896,,,,,,"$1,927,896 ",edwarke02
425,Ish Wainright,POR,1927896,,,,,,"$1,927,896 ",wainris01
426,Jericho Sims,NYK,1927896,"$2,092,344 ",,,,,"$600,000 ",simsje01
427,Jordan Goodwin,PHO,1927896,"$2,092,344 ",,,,,,goodwjo01
428,Haywood Highsmith,MIA,1902137,,,,,,,highsha01
429,A.J. Green,MIL,1901769,"$2,120,693 ","$2,301,587 ",,,,"$1,901,769 ",greenaj01
430,Jeremiah Robinson-Earl,HOU,1900000,,,,,,"$1,900,000 ",robinje02
431,Miles McBride,NYK,1836096,,,,,,"$1,836,096 ",mcbrimi01
432,Isaiah Todd,MEM,1836096,,,,,,"$1,836,096 ",toddis01
433,Brandon Boston Jr.,LAC,1836096,,,,,,"$1,836,096 ",bostobr01
434,Isaiah Livers,DET,1836096,,,,,,"$1,836,096 ",liveris01
435,Aaron Wiggins,OKC,1836096,"$1,988,598 ",,,,,,wiggiaa01
436,Jose Alvarado,NOP,1836096,"$1,988,598 ",,,,,,alvarjo01
437,JT Thor,CHO,1836096,"$1,988,598 ",,,,,,thorjt01
438,E.J. Liddell,NOP,1801769,"$2,120,693 ","$2,301,587 ",,,,"$3,922,462 ",liddeej01
439,Justin Minaya,POR,1801769,,,,,,"$1,801,769 ",minayju01
440,Cole Swider,MIA,1801769,,,,,,"$1,801,769 ",swideco01
441,Orlando Robinson,MIA,1801769,"$2,120,693 ",,,,,"$1,801,769 ",robinor01
442,Stanley Umude,DET,1801769,,,,,,"$1,801,769 ",umudest01
443,Leonard Miller,MIN,1800000,"$1,891,857 ","$2,221,677 ","$2,406,205 ",,,"$3,691,857 ",millele01
444,Kennedy Chandler,MEM,1719864,"$2,019,699 ",,,,,"$3,739,563 ",chandke01
445,Jaden Hardy,DAL,1719864,"$2,019,699 ",,,,,"$2,119,864 ",hardyja02
446,Xavier Cooks,WAS,1719864,,,,,,"$1,719,864 ",cooksxa01
447,Ryan Rollins,WAS,1719864,"$2,019,699 ",,,,,"$1,719,864 ",rolliry01
448,Christian Koloko,TOR,1719864,"$2,019,699 ",,,,,"$1,719,864 ",kolokch01
449,Josh Minott,MIN,1719864,"$2,019,699 ","$2,187,451 ",,,,"$1,719,864 ",minotjo01
450,Kenneth Lofton Jr.,MEM,1719864,"$2,019,699 ","$2,187,451 ",,,,"$1,719,864 ",loftoke01
451,Max Christie,LAL,1719864,,,,,,"$1,719,864 ",chrisma02
452,Bryce McGowens,CHO,1719864,"$2,019,699 ","$2,187,451 ",,,,"$1,719,864 ",mcgowbr01
453,Jabari Walker,POR,1719864,"$2,019,699 ",,,,,"$400,000 ",walkeja01
454,Jalen Pickett,DEN,1708143,"$1,891,857 ","$2,221,677 ","$2,406,205 ",,,"$5,821,677 ",pickeja02
455,Julian Phillips,CHI,1600000,"$1,891,857 ","$2,221,677 ","$2,406,205 ",,,"$5,713,534 ",phillju01
456,Eric Bledsoe,POR,1300000,"$1,300,000 ",,,,,"$2,600,000 ",bledser01
457,Sidy Cissoko,SAS,1119563,"$1,891,857 ","$2,221,677 ",,,,"$5,233,097 ",cissosi01
458,Hunter Tyson,DEN,1119563,"$1,891,857 ","$2,221,677 ","$2,406,205 ",,,"$5,233,097 ",tysonhu01
459,Jordan Walsh,BOS,1119563,"$1,891,857 ","$2,221,677 ","$2,406,205 ",,,"$3,211,420 ",walshjo01
460,Rayan Rupert,POR,1119563,"$1,891,857 ","$2,221,677 ",,,,"$3,011,420 ",ruperra01
461,Chris Livingston,MIL,1119563,"$1,891,857 ","$2,221,677 ","$2,406,205 ",,,"$3,011,420 ",livinch01
462,Maxwell Lewis,LAL,1119563,"$1,891,857 ","$2,221,677 ","$2,406,205 ",,,"$3,011,420 ",lewisma05
463,Trayce Jackson-Davis,GSW,1119563,"$1,891,857 ","$2,221,677 ","$2,406,205 ",,,"$3,011,420 ",jackstr02
464,Mouhamed Gueye,ATL,1119563,"$1,891,857 ","$2,221,677 ","$2,406,205 ",,,"$3,011,420 ",gueyemo02
465,Charles Bediako,SAS,1119563,,,,,,"$1,119,563 ",bediach01
466,Toumani Camara,POR,1119563,"$1,891,857 ","$2,221,677 ","$2,406,205 ",,,"$1,119,563 ",camarto01
467,Duop Reath,POR,1119563,,,,,,"$1,119,563 ",reathdu01
468,Jacob Toppin,NYK,1119563,,,,,,"$1,119,563 ",toppija01
469,Andre Jackson Jr.,MIL,1119563,"$1,891,857 ","$2,221,677 ","$2,406,205 ",,,"$1,119,563 ",jacksan01
470,Dexter Dennis,DAL,1119563,,,,,,"$1,119,563 ",dennide01
471,Filip Petrušev,SAC,1119563,"$1,891,857 ",,,,,,petrufi01
472,Nik Stauskas,IND,702311,"$702,310 ",,,,,"$1,404,621 ",stausni01
473,Jack White,OKC,600000,,,,,,"$600,000 ",whiteja03
474,Juwan Morgan,IND,576230,"$576,229 ",,,,,"$1,152,459 ",morgaju01
475,Malik Fitts,IND,555217,"$555,216 ",,,,,"$1,110,433 ",fittsma01
476,Lamar Stevens,SAS,2419706,,,,,,"$400,000 ",stevela01
477,Nerlens Noel,SAC,300000,,,,,,"$300,000 ",noelne01
478,Didi Louzada,POR,268032,"$268,032 ","$268,032 ","$268,032 ","$268,032 ","$268,032 ","$1,608,192 ",louzama01
479,Neemias Queta,SAC,250000,,,,,,"$250,000 ",quetane01
480,Danny Green,PHI,200000,,,,,,"$200,000 ",greenda02
481,Demetrius Jackson,BOS,92857,,,,,,"$92,857 ",jacksde01
